{
  "model": {
    "type": "minecraft:select",
    "cases": [
      {
        "model": {
          "type": "minecraft:model",
          "model": "minecraft:item/chainmail_boots_quartz_trim"
        },
        "when": "minecraft:quartz"
      },
      {
        "model": {
          "type": "minecraft:model",
          "model": "minecraft:item/chainmail_boots_iron_trim"
        },
        "when": "minecraft:iron"
      },
      {
        "model": {
          "type": "minecraft:model",
          "model": "minecraft:item/chainmail_boots_netherite_trim"
        },
        "when": "minecraft:netherite"
      },
      {
        "model": {
          "type": "minecraft:model",
          "model": "minecraft:item/chainmail_boots_redstone_trim"
        },
        "when": "minecraft:redstone"
      },
      {
        "model": {
          "type": "minecraft:model",
          "model": "minecraft:item/chainmail_boots_copper_trim"
        },
        "when": "minecraft:copper"
      },
      {
        "model": {
          "type": "minecraft:model",
          "model": "minecraft:item/chainmail_boots_gold_trim"
        },
        "when": "minecraft:gold"
      },
      {
        "model": {
          "type": "minecraft:model",
          "model": "minecraft:item/chainmail_boots_emerald_trim"
        },
        "when": "minecraft:emerald"
      },
      {
        "model": {
          "type": "minecraft:model",
          "model": "minecraft:item/chainmail_boots_diamond_trim"
        },
        "when": "minecraft:diamond"
      },
      {
        "model": {
          "type": "minecraft:model",
          "model": "minecraft:item/chainmail_boots_lapis_trim"
        },
        "when": "minecraft:lapis"
      },
      {
        "model": {
          "type": "minecraft:model",
          "model": "minecraft:item/chainmail_boots_amethyst_trim"
        },
        "when": "minecraft:amethyst"
      },
      {
        "model": {
          "type": "minecraft:model",
          "model": "minecraft:item/chainmail_boots_resin_trim"
        },
        "when": "minecraft:resin"
      },
      {
        "model": {
          "type": "minecraft:model",
          "model": "minecraft:item/chainmail_boots_armadillo_scute_trim"
        },
        "when": "minecraft:armadillo_scute"
      },
      {
        "model": {
          "type": "minecraft:model",
          "model": "minecraft:item/chainmail_boots_blaze_rod_trim"
        },
        "when": "minecraft:blaze_rod"
      },
      {
        "model": {
          "type": "minecraft:model",
          "model": "minecraft:item/chainmail_boots_breeze_rod_trim"
        },
        "when": "minecraft:breeze_rod"
      },
      {
        "model": {
          "type": "minecraft:model",
          "model": "minecraft:item/chainmail_boots_brick_trim"
        },
        "when": "minecraft:brick"
      },
      {
        "model": {
          "type": "minecraft:model",
          "model": "minecraft:item/chainmail_boots_clay_trim"
        },
        "when": "minecraft:clay"
      },
      {
        "model": {
          "type": "minecraft:model",
          "model": "minecraft:item/chainmail_boots_coal_trim"
        },
        "when": "minecraft:coal"
      },
      {
        "model": {
          "type": "minecraft:model",
          "model": "minecraft:item/chainmail_boots_dragon_breath_trim"
        },
        "when": "minecraft:dragon_breath"
      },
      {
        "model": {
          "type": "minecraft:model",
          "model": "minecraft:item/chainmail_boots_echo_shard_trim"
        },
        "when": "minecraft:echo_shard"
      },
      {
        "model": {
          "type": "minecraft:model",
          "model": "minecraft:item/chainmail_boots_ender_pearl_trim"
        },
        "when": "minecraft:ender_pearl"
      },
      {
        "model": {
          "type": "minecraft:model",
          "model": "minecraft:item/chainmail_boots_flint_trim"
        },
        "when": "minecraft:flint"
      },
      {
        "model": {
          "type": "minecraft:model",
          "model": "minecraft:item/chainmail_boots_glow_ink_trim"
        },
        "when": "minecraft:glow_ink"
      },
      {
        "model": {
          "type": "minecraft:model",
          "model": "minecraft:item/chainmail_boots_glowstone_trim"
        },
        "when": "minecraft:glowstone"
      },
      {
        "model": {
          "type": "minecraft:model",
          "model": "minecraft:item/chainmail_boots_gunpowder_trim"
        },
        "when": "minecraft:gunpowder"
      },
      {
        "model": {
          "type": "minecraft:model",
          "model": "minecraft:item/chainmail_boots_hide_trim"
        },
        "when": "minecraft:hide"
      },
      {
        "model": {
          "type": "minecraft:model",
          "model": "minecraft:item/chainmail_boots_honeycomb_trim"
        },
        "when": "minecraft:honeycomb"
      },
      {
        "model": {
          "type": "minecraft:model",
          "model": "minecraft:item/chainmail_boots_leather_trim"
        },
        "when": "minecraft:leather"
      },
      {
        "model": {
          "type": "minecraft:model",
          "model": "minecraft:item/chainmail_boots_magma_cream_trim"
        },
        "when": "minecraft:magma_cream"
      },
      {
        "model": {
          "type": "minecraft:model",
          "model": "minecraft:item/chainmail_boots_nautilus_trim"
        },
        "when": "minecraft:nautilus"
      },
      {
        "model": {
          "type": "minecraft:model",
          "model": "minecraft:item/chainmail_boots_nether_brick_trim"
        },
        "when": "minecraft:nether_brick"
      },
      {
        "model": {
          "type": "minecraft:model",
          "model": "minecraft:item/chainmail_boots_nether_star_trim"
        },
        "when": "minecraft:nether_star"
      },
      {
        "model": {
          "type": "minecraft:model",
          "model": "minecraft:item/chainmail_boots_netherite_scrap_trim"
        },
        "when": "minecraft:netherite_scrap"
      },
      {
        "model": {
          "type": "minecraft:model",
          "model": "minecraft:item/chainmail_boots_phantom_membrane_trim"
        },
        "when": "minecraft:phantom_membrane"
      },
      {
        "model": {
          "type": "minecraft:model",
          "model": "minecraft:item/chainmail_boots_prismarine_trim"
        },
        "when": "minecraft:prismarine"
      },
      {
        "model": {
          "type": "minecraft:model",
          "model": "minecraft:item/chainmail_boots_prismarine_crystal_trim"
        },
        "when": "minecraft:prismarine_crystal"
      },
      {
        "model": {
          "type": "minecraft:model",
          "model": "minecraft:item/chainmail_boots_purpur_trim"
        },
        "when": "minecraft:purpur"
      },
      {
        "model": {
          "type": "minecraft:model",
          "model": "minecraft:item/chainmail_boots_scute_trim"
        },
        "when": "minecraft:scute"
      },
      {
        "model": {
          "type": "minecraft:model",
          "model": "minecraft:item/chainmail_boots_slime_trim"
        },
        "when": "minecraft:slime"
      },
      {
        "model": {
          "type": "minecraft:model",
          "model": "minecraft:item/chainmail_boots_sugar_trim"
        },
        "when": "minecraft:sugar"
      }
    ],
    "fallback": {
      "type": "minecraft:model",
      "model": "minecraft:item/chainmail_boots"
    },
    "property": "minecraft:trim_material"
  }
}