{
  "model": {
    "type": "minecraft:select",
    "cases": [
      {
        "model": {
          "type": "minecraft:model",
          "model": "minecraft:item/leather_chestplate_quartz_trim",
          "tints": [
            {
              "type": "minecraft:dye",
              "default": -6265536
            }
          ]
        },
        "when": "minecraft:quartz"
      },
      {
        "model": {
          "type": "minecraft:model",
          "model": "minecraft:item/leather_chestplate_iron_trim",
          "tints": [
            {
              "type": "minecraft:dye",
              "default": -6265536
            }
          ]
        },
        "when": "minecraft:iron"
      },
      {
        "model": {
          "type": "minecraft:model",
          "model": "minecraft:item/leather_chestplate_netherite_trim",
          "tints": [
            {
              "type": "minecraft:dye",
              "default": -6265536
            }
          ]
        },
        "when": "minecraft:netherite"
      },
      {
        "model": {
          "type": "minecraft:model",
          "model": "minecraft:item/leather_chestplate_redstone_trim",
          "tints": [
            {
              "type": "minecraft:dye",
              "default": -6265536
            }
          ]
        },
        "when": "minecraft:redstone"
      },
      {
        "model": {
          "type": "minecraft:model",
          "model": "minecraft:item/leather_chestplate_copper_trim",
          "tints": [
            {
              "type": "minecraft:dye",
              "default": -6265536
            }
          ]
        },
        "when": "minecraft:copper"
      },
      {
        "model": {
          "type": "minecraft:model",
          "model": "minecraft:item/leather_chestplate_gold_trim",
          "tints": [
            {
              "type": "minecraft:dye",
              "default": -6265536
            }
          ]
        },
        "when": "minecraft:gold"
      },
      {
        "model": {
          "type": "minecraft:model",
          "model": "minecraft:item/leather_chestplate_emerald_trim",
          "tints": [
            {
              "type": "minecraft:dye",
              "default": -6265536
            }
          ]
        },
        "when": "minecraft:emerald"
      },
      {
        "model": {
          "type": "minecraft:model",
          "model": "minecraft:item/leather_chestplate_diamond_trim",
          "tints": [
            {
              "type": "minecraft:dye",
              "default": -6265536
            }
          ]
        },
        "when": "minecraft:diamond"
      },
      {
        "model": {
          "type": "minecraft:model",
          "model": "minecraft:item/leather_chestplate_lapis_trim",
          "tints": [
            {
              "type": "minecraft:dye",
              "default": -6265536
            }
          ]
        },
        "when": "minecraft:lapis"
      },
      {
        "model": {
          "type": "minecraft:model",
          "model": "minecraft:item/leather_chestplate_amethyst_trim",
          "tints": [
            {
              "type": "minecraft:dye",
              "default": -6265536
            }
          ]
        },
        "when": "minecraft:amethyst"
      },
      {
        "model": {
          "type": "minecraft:model",
          "model": "minecraft:item/leather_chestplate_resin_trim",
          "tints": [
            {
              "type": "minecraft:dye",
              "default": -6265536
            }
          ]
        },
        "when": "minecraft:resin"
      },
      {
        "model": {
          "type": "minecraft:model",
          "model": "minecraft:item/leather_chestplate_armadillo_scute_trim",
          "tints": [
            {
              "type": "minecraft:dye",
              "default": -6265536
            }
          ]
        },
        "when": "minecraft:armadillo_scute"
      },
      {
        "model": {
          "type": "minecraft:model",
          "model": "minecraft:item/leather_chestplate_blaze_rod_trim",
          "tints": [
            {
              "type": "minecraft:dye",
              "default": -6265536
            }
          ]
        },
        "when": "minecraft:blaze_rod"
      },
      {
        "model": {
          "type": "minecraft:model",
          "model": "minecraft:item/leather_chestplate_breeze_rod_trim",
          "tints": [
            {
              "type": "minecraft:dye",
              "default": -6265536
            }
          ]
        },
        "when": "minecraft:breeze_rod"
      },
      {
        "model": {
          "type": "minecraft:model",
          "model": "minecraft:item/leather_chestplate_brick_trim",
          "tints": [
            {
              "type": "minecraft:dye",
              "default": -6265536
            }
          ]
        },
        "when": "minecraft:brick"
      },
      {
        "model": {
          "type": "minecraft:model",
          "model": "minecraft:item/leather_chestplate_coal_trim",
          "tints": [
            {
              "type": "minecraft:dye",
              "default": -6265536
            }
          ]
        },
        "when": "minecraft:coal"
      },
      {
        "model": {
          "type": "minecraft:model",
          "model": "minecraft:item/leather_chestplate_dragon_breath_trim",
          "tints": [
            {
              "type": "minecraft:dye",
              "default": -6265536
            }
          ]
        },
        "when": "minecraft:dragon_breath"
      },
      {
        "model": {
          "type": "minecraft:model",
          "model": "minecraft:item/leather_chestplate_clay_trim",
          "tints": [
            {
              "type": "minecraft:dye",
              "default": -6265536
            }
          ]
        },
        "when": "minecraft:clay"
      },
      {
        "model": {
          "type": "minecraft:model",
          "model": "minecraft:item/leather_chestplate_echo_shard_trim",
          "tints": [
            {
              "type": "minecraft:dye",
              "default": -6265536
            }
          ]
        },
        "when": "minecraft:echo_shard"
      },
      {
        "model": {
          "type": "minecraft:model",
          "model": "minecraft:item/leather_chestplate_ender_pearl_trim",
          "tints": [
            {
              "type": "minecraft:dye",
              "default": -6265536
            }
          ]
        },
        "when": "minecraft:ender_pearl"
      },
      {
        "model": {
          "type": "minecraft:model",
          "model": "minecraft:item/leather_chestplate_flint_trim",
          "tints": [
            {
              "type": "minecraft:dye",
              "default": -6265536
            }
          ]
        },
        "when": "minecraft:flint"
      },
      {
        "model": {
          "type": "minecraft:model",
          "model": "minecraft:item/leather_chestplate_glow_ink_trim",
          "tints": [
            {
              "type": "minecraft:dye",
              "default": -6265536
            }
          ]
        },
        "when": "minecraft:glow_ink"
      },
      {
        "model": {
          "type": "minecraft:model",
          "model": "minecraft:item/leather_chestplate_glowstone_trim",
          "tints": [
            {
              "type": "minecraft:dye",
              "default": -6265536
            }
          ]
        },
        "when": "minecraft:glowstone"
      },
      {
        "model": {
          "type": "minecraft:model",
          "model": "minecraft:item/leather_chestplate_gunpowder_trim",
          "tints": [
            {
              "type": "minecraft:dye",
              "default": -6265536
            }
          ]
        },
        "when": "minecraft:gunpowder"
      },
      {
        "model": {
          "type": "minecraft:model",
          "model": "minecraft:item/leather_chestplate_hide_trim",
          "tints": [
            {
              "type": "minecraft:dye",
              "default": -6265536
            }
          ]
        },
        "when": "minecraft:hide"
      },
      {
        "model": {
          "type": "minecraft:model",
          "model": "minecraft:item/leather_chestplate_honeycomb_trim",
          "tints": [
            {
              "type": "minecraft:dye",
              "default": -6265536
            }
          ]
        },
        "when": "minecraft:honeycomb"
      },
      {
        "model": {
          "type": "minecraft:model",
          "model": "minecraft:item/leather_chestplate_leather_trim",
          "tints": [
            {
              "type": "minecraft:dye",
              "default": -6265536
            }
          ]
        },
        "when": "minecraft:leather"
      },
      {
        "model": {
          "type": "minecraft:model",
          "model": "minecraft:item/leather_chestplate_magma_cream_trim",
          "tints": [
            {
              "type": "minecraft:dye",
              "default": -6265536
            }
          ]
        },
        "when": "minecraft:magma_cream"
      },
      {
        "model": {
          "type": "minecraft:model",
          "model": "minecraft:item/leather_chestplate_nautilus_trim",
          "tints": [
            {
              "type": "minecraft:dye",
              "default": -6265536
            }
          ]
        },
        "when": "minecraft:nautilus"
      },
      {
        "model": {
          "type": "minecraft:model",
          "model": "minecraft:item/leather_chestplate_nether_brick_trim",
          "tints": [
            {
              "type": "minecraft:dye",
              "default": -6265536
            }
          ]
        },
        "when": "minecraft:nether_brick"
      },
      {
        "model": {
          "type": "minecraft:model",
          "model": "minecraft:item/leather_chestplate_nether_star_trim",
          "tints": [
            {
              "type": "minecraft:dye",
              "default": -6265536
            }
          ]
        },
        "when": "minecraft:nether_star"
      },
      {
        "model": {
          "type": "minecraft:model",
          "model": "minecraft:item/leather_chestplate_netherite_scrap_trim",
          "tints": [
            {
              "type": "minecraft:dye",
              "default": -6265536
            }
          ]
        },
        "when": "minecraft:netherite_scrap"
      },
      {
        "model": {
          "type": "minecraft:model",
          "model": "minecraft:item/leather_chestplate_phantom_membrane_trim",
          "tints": [
            {
              "type": "minecraft:dye",
              "default": -6265536
            }
          ]
        },
        "when": "minecraft:phantom_membrane"
      },
      {
        "model": {
          "type": "minecraft:model",
          "model": "minecraft:item/leather_chestplate_prismarine_trim",
          "tints": [
            {
              "type": "minecraft:dye",
              "default": -6265536
            }
          ]
        },
        "when": "minecraft:prismarine"
      },
      {
        "model": {
          "type": "minecraft:model",
          "model": "minecraft:item/leather_chestplate_prismarine_crystal_trim",
          "tints": [
            {
              "type": "minecraft:dye",
              "default": -6265536
            }
          ]
        },
        "when": "minecraft:prismarine_crystal"
      },
      {
        "model": {
          "type": "minecraft:model",
          "model": "minecraft:item/leather_chestplate_purpur_trim",
          "tints": [
            {
              "type": "minecraft:dye",
              "default": -6265536
            }
          ]
        },
        "when": "minecraft:purpur"
      },
      {
        "model": {
          "type": "minecraft:model",
          "model": "minecraft:item/leather_chestplate_scute_trim",
          "tints": [
            {
              "type": "minecraft:dye",
              "default": -6265536
            }
          ]
        },
        "when": "minecraft:scute"
      },
      {
        "model": {
          "type": "minecraft:model",
          "model": "minecraft:item/leather_chestplate_slime_trim",
          "tints": [
            {
              "type": "minecraft:dye",
              "default": -6265536
            }
          ]
        },
        "when": "minecraft:slime"
      },
      {
        "model": {
          "type": "minecraft:model",
          "model": "minecraft:item/leather_chestplate_sugar_trim",
          "tints": [
            {
              "type": "minecraft:dye",
              "default": -6265536
            }
          ]
        },
        "when": "minecraft:sugar"
      }
    ],
    "fallback": {
      "type": "minecraft:model",
      "model": "minecraft:item/leather_chestplate",
      "tints": [
        {
          "type": "minecraft:dye",
          "default": -6265536
        }
      ]
    },
    "property": "minecraft:trim_material"
  }
}