{
  "model": {
    "type": "minecraft:select",
    "cases": [
      {
        "model": {
          "type": "minecraft:model",
          "model": "minecraft:item/diamond_leggings_quartz_trim"
        },
        "when": "minecraft:quartz"
      },
      {
        "model": {
          "type": "minecraft:model",
          "model": "minecraft:item/diamond_leggings_iron_trim"
        },
        "when": "minecraft:iron"
      },
      {
        "model": {
          "type": "minecraft:model",
          "model": "minecraft:item/diamond_leggings_netherite_trim"
        },
        "when": "minecraft:netherite"
      },
      {
        "model": {
          "type": "minecraft:model",
          "model": "minecraft:item/diamond_leggings_redstone_trim"
        },
        "when": "minecraft:redstone"
      },
      {
        "model": {
          "type": "minecraft:model",
          "model": "minecraft:item/diamond_leggings_copper_trim"
        },
        "when": "minecraft:copper"
      },
      {
        "model": {
          "type": "minecraft:model",
          "model": "minecraft:item/diamond_leggings_gold_trim"
        },
        "when": "minecraft:gold"
      },
      {
        "model": {
          "type": "minecraft:model",
          "model": "minecraft:item/diamond_leggings_emerald_trim"
        },
        "when": "minecraft:emerald"
      },
      {
        "model": {
          "type": "minecraft:model",
          "model": "minecraft:item/diamond_leggings_diamond_trim"
        },
        "when": "minecraft:diamond"
      },
      {
        "model": {
          "type": "minecraft:model",
          "model": "minecraft:item/diamond_leggings_lapis_trim"
        },
        "when": "minecraft:lapis"
      },
      {
        "model": {
          "type": "minecraft:model",
          "model": "minecraft:item/diamond_leggings_amethyst_trim"
        },
        "when": "minecraft:amethyst"
      },
      {
        "model": {
          "type": "minecraft:model",
          "model": "minecraft:item/diamond_leggings_resin_trim"
        },
        "when": "minecraft:resin"
      },
      {
        "model": {
          "type": "minecraft:model",
          "model": "minecraft:item/diamond_leggings_armadillo_scute_trim"
        },
        "when": "minecraft:armadillo_scute"
      },
      {
        "model": {
          "type": "minecraft:model",
          "model": "minecraft:item/diamond_leggings_blaze_rod_trim"
        },
        "when": "minecraft:blaze_rod"
      },
      {
        "model": {
          "type": "minecraft:model",
          "model": "minecraft:item/diamond_leggings_breeze_rod_trim"
        },
        "when": "minecraft:breeze_rod"
      },
      {
        "model": {
          "type": "minecraft:model",
          "model": "minecraft:item/diamond_leggings_brick_trim"
        },
        "when": "minecraft:brick"
      },
      {
        "model": {
          "type": "minecraft:model",
          "model": "minecraft:item/diamond_leggings_clay_trim"
        },
        "when": "minecraft:clay"
      },
      {
        "model": {
          "type": "minecraft:model",
          "model": "minecraft:item/diamond_leggings_coal_trim"
        },
        "when": "minecraft:coal"
      },
      {
        "model": {
          "type": "minecraft:model",
          "model": "minecraft:item/diamond_leggings_dragon_breath_trim"
        },
        "when": "minecraft:dragon_breath"
      },
      {
        "model": {
          "type": "minecraft:model",
          "model": "minecraft:item/diamond_leggings_echo_shard_trim"
        },
        "when": "minecraft:echo_shard"
      },
      {
        "model": {
          "type": "minecraft:model",
          "model": "minecraft:item/diamond_leggings_ender_pearl_trim"
        },
        "when": "minecraft:ender_pearl"
      },
      {
        "model": {
          "type": "minecraft:model",
          "model": "minecraft:item/diamond_leggings_flint_trim"
        },
        "when": "minecraft:flint"
      },
      {
        "model": {
          "type": "minecraft:model",
          "model": "minecraft:item/diamond_leggings_glow_ink_trim"
        },
        "when": "minecraft:glow_ink"
      },
      {
        "model": {
          "type": "minecraft:model",
          "model": "minecraft:item/diamond_leggings_glowstone_trim"
        },
        "when": "minecraft:glowstone"
      },
      {
        "model": {
          "type": "minecraft:model",
          "model": "minecraft:item/diamond_leggings_gunpowder_trim"
        },
        "when": "minecraft:gunpowder"
      },
      {
        "model": {
          "type": "minecraft:model",
          "model": "minecraft:item/diamond_leggings_hide_trim"
        },
        "when": "minecraft:hide"
      },
      {
        "model": {
          "type": "minecraft:model",
          "model": "minecraft:item/diamond_leggings_honeycomb_trim"
        },
        "when": "minecraft:honeycomb"
      },
      {
        "model": {
          "type": "minecraft:model",
          "model": "minecraft:item/diamond_leggings_leather_trim"
        },
        "when": "minecraft:leather"
      },
      {
        "model": {
          "type": "minecraft:model",
          "model": "minecraft:item/diamond_leggings_magma_cream_trim"
        },
        "when": "minecraft:magma_cream"
      },
      {
        "model": {
          "type": "minecraft:model",
          "model": "minecraft:item/diamond_leggings_nautilus_trim"
        },
        "when": "minecraft:nautilus"
      },
      {
        "model": {
          "type": "minecraft:model",
          "model": "minecraft:item/diamond_leggings_nether_brick_trim"
        },
        "when": "minecraft:nether_brick"
      },
      {
        "model": {
          "type": "minecraft:model",
          "model": "minecraft:item/diamond_leggings_nether_star_trim"
        },
        "when": "minecraft:nether_star"
      },
      {
        "model": {
          "type": "minecraft:model",
          "model": "minecraft:item/diamond_leggings_netherite_scrap_trim"
        },
        "when": "minecraft:netherite_scrap"
      },
      {
        "model": {
          "type": "minecraft:model",
          "model": "minecraft:item/diamond_leggings_phantom_membrane_trim"
        },
        "when": "minecraft:phantom_membrane"
      },
      {
        "model": {
          "type": "minecraft:model",
          "model": "minecraft:item/diamond_leggings_prismarine_trim"
        },
        "when": "minecraft:prismarine"
      },
      {
        "model": {
          "type": "minecraft:model",
          "model": "minecraft:item/diamond_leggings_prismarine_crystal_trim"
        },
        "when": "minecraft:prismarine_crystal"
      },
      {
        "model": {
          "type": "minecraft:model",
          "model": "minecraft:item/diamond_leggings_purpur_trim"
        },
        "when": "minecraft:purpur"
      },
      {
        "model": {
          "type": "minecraft:model",
          "model": "minecraft:item/diamond_leggings_scute_trim"
        },
        "when": "minecraft:scute"
      },
      {
        "model": {
          "type": "minecraft:model",
          "model": "minecraft:item/diamond_leggings_slime_trim"
        },
        "when": "minecraft:slime"
      },
      {
        "model": {
          "type": "minecraft:model",
          "model": "minecraft:item/diamond_leggings_sugar_trim"
        },
        "when": "minecraft:sugar"
      }
    ],
    "fallback": {
      "type": "minecraft:model",
      "model": "minecraft:item/diamond_leggings"
    },
    "property": "minecraft:trim_material"
  }
}