{
  "model": {
    "type": "minecraft:select",
    "cases": [
      {
        "model": {
          "type": "minecraft:model",
          "model": "minecraft:item/leather_boots_quartz_trim",
          "tints": [
            {
              "type": "minecraft:dye",
              "default": -6265536
            }
          ]
        },
        "when": "minecraft:quartz"
      },
      {
        "model": {
          "type": "minecraft:model",
          "model": "minecraft:item/leather_boots_iron_trim",
          "tints": [
            {
              "type": "minecraft:dye",
              "default": -6265536
            }
          ]
        },
        "when": "minecraft:iron"
      },
      {
        "model": {
          "type": "minecraft:model",
          "model": "minecraft:item/leather_boots_netherite_trim",
          "tints": [
            {
              "type": "minecraft:dye",
              "default": -6265536
            }
          ]
        },
        "when": "minecraft:netherite"
      },
      {
        "model": {
          "type": "minecraft:model",
          "model": "minecraft:item/leather_boots_redstone_trim",
          "tints": [
            {
              "type": "minecraft:dye",
              "default": -6265536
            }
          ]
        },
        "when": "minecraft:redstone"
      },
      {
        "model": {
          "type": "minecraft:model",
          "model": "minecraft:item/leather_boots_copper_trim",
          "tints": [
            {
              "type": "minecraft:dye",
              "default": -6265536
            }
          ]
        },
        "when": "minecraft:copper"
      },
      {
        "model": {
          "type": "minecraft:model",
          "model": "minecraft:item/leather_boots_gold_trim",
          "tints": [
            {
              "type": "minecraft:dye",
              "default": -6265536
            }
          ]
        },
        "when": "minecraft:gold"
      },
      {
        "model": {
          "type": "minecraft:model",
          "model": "minecraft:item/leather_boots_emerald_trim",
          "tints": [
            {
              "type": "minecraft:dye",
              "default": -6265536
            }
          ]
        },
        "when": "minecraft:emerald"
      },
      {
        "model": {
          "type": "minecraft:model",
          "model": "minecraft:item/leather_boots_diamond_trim",
          "tints": [
            {
              "type": "minecraft:dye",
              "default": -6265536
            }
          ]
        },
        "when": "minecraft:diamond"
      },
      {
        "model": {
          "type": "minecraft:model",
          "model": "minecraft:item/leather_boots_lapis_trim",
          "tints": [
            {
              "type": "minecraft:dye",
              "default": -6265536
            }
          ]
        },
        "when": "minecraft:lapis"
      },
      {
        "model": {
          "type": "minecraft:model",
          "model": "minecraft:item/leather_boots_amethyst_trim",
          "tints": [
            {
              "type": "minecraft:dye",
              "default": -6265536
            }
          ]
        },
        "when": "minecraft:amethyst"
      },
      {
        "model": {
          "type": "minecraft:model",
          "model": "minecraft:item/leather_boots_resin_trim",
          "tints": [
            {
              "type": "minecraft:dye",
              "default": -6265536
            }
          ]
        },
        "when": "minecraft:resin"
      },
      {
        "model": {
          "type": "minecraft:model",
          "model": "minecraft:item/leather_boots_armadillo_scute_trim",
          "tints": [
            {
              "type": "minecraft:dye",
              "default": -6265536
            }
          ]
        },
        "when": "minecraft:armadillo_scute"
      },
      {
        "model": {
          "type": "minecraft:model",
          "model": "minecraft:item/leather_boots_blaze_rod_trim",
          "tints": [
            {
              "type": "minecraft:dye",
              "default": -6265536
            }
          ]
        },
        "when": "minecraft:blaze_rod"
      },
      {
        "model": {
          "type": "minecraft:model",
          "model": "minecraft:item/leather_boots_breeze_rod_trim",
          "tints": [
            {
              "type": "minecraft:dye",
              "default": -6265536
            }
          ]
        },
        "when": "minecraft:breeze_rod"
      },
      {
        "model": {
          "type": "minecraft:model",
          "model": "minecraft:item/leather_boots_brick_trim",
          "tints": [
            {
              "type": "minecraft:dye",
              "default": -6265536
            }
          ]
        },
        "when": "minecraft:brick"
      },
      {
        "model": {
          "type": "minecraft:model",
          "model": "minecraft:item/leather_boots_coal_trim",
          "tints": [
            {
              "type": "minecraft:dye",
              "default": -6265536
            }
          ]
        },
        "when": "minecraft:coal"
      },
      {
        "model": {
          "type": "minecraft:model",
          "model": "minecraft:item/leather_boots_dragon_breath_trim",
          "tints": [
            {
              "type": "minecraft:dye",
              "default": -6265536
            }
          ]
        },
        "when": "minecraft:dragon_breath"
      },
      {
        "model": {
          "type": "minecraft:model",
          "model": "minecraft:item/leather_boots_clay_trim",
          "tints": [
            {
              "type": "minecraft:dye",
              "default": -6265536
            }
          ]
        },
        "when": "minecraft:clay"
      },
      {
        "model": {
          "type": "minecraft:model",
          "model": "minecraft:item/leather_boots_echo_shard_trim",
          "tints": [
            {
              "type": "minecraft:dye",
              "default": -6265536
            }
          ]
        },
        "when": "minecraft:echo_shard"
      },
      {
        "model": {
          "type": "minecraft:model",
          "model": "minecraft:item/leather_boots_ender_pearl_trim",
          "tints": [
            {
              "type": "minecraft:dye",
              "default": -6265536
            }
          ]
        },
        "when": "minecraft:ender_pearl"
      },
      {
        "model": {
          "type": "minecraft:model",
          "model": "minecraft:item/leather_boots_flint_trim",
          "tints": [
            {
              "type": "minecraft:dye",
              "default": -6265536
            }
          ]
        },
        "when": "minecraft:flint"
      },
      {
        "model": {
          "type": "minecraft:model",
          "model": "minecraft:item/leather_boots_glow_ink_trim",
          "tints": [
            {
              "type": "minecraft:dye",
              "default": -6265536
            }
          ]
        },
        "when": "minecraft:glow_ink"
      },
      {
        "model": {
          "type": "minecraft:model",
          "model": "minecraft:item/leather_boots_glowstone_trim",
          "tints": [
            {
              "type": "minecraft:dye",
              "default": -6265536
            }
          ]
        },
        "when": "minecraft:glowstone"
      },
      {
        "model": {
          "type": "minecraft:model",
          "model": "minecraft:item/leather_boots_gunpowder_trim",
          "tints": [
            {
              "type": "minecraft:dye",
              "default": -6265536
            }
          ]
        },
        "when": "minecraft:gunpowder"
      },
      {
        "model": {
          "type": "minecraft:model",
          "model": "minecraft:item/leather_boots_hide_trim",
          "tints": [
            {
              "type": "minecraft:dye",
              "default": -6265536
            }
          ]
        },
        "when": "minecraft:hide"
      },
      {
        "model": {
          "type": "minecraft:model",
          "model": "minecraft:item/leather_boots_honeycomb_trim",
          "tints": [
            {
              "type": "minecraft:dye",
              "default": -6265536
            }
          ]
        },
        "when": "minecraft:honeycomb"
      },
      {
        "model": {
          "type": "minecraft:model",
          "model": "minecraft:item/leather_boots_leather_trim",
          "tints": [
            {
              "type": "minecraft:dye",
              "default": -6265536
            }
          ]
        },
        "when": "minecraft:leather"
      },
      {
        "model": {
          "type": "minecraft:model",
          "model": "minecraft:item/leather_boots_magma_cream_trim",
          "tints": [
            {
              "type": "minecraft:dye",
              "default": -6265536
            }
          ]
        },
        "when": "minecraft:magma_cream"
      },
      {
        "model": {
          "type": "minecraft:model",
          "model": "minecraft:item/leather_boots_nautilus_trim",
          "tints": [
            {
              "type": "minecraft:dye",
              "default": -6265536
            }
          ]
        },
        "when": "minecraft:nautilus"
      },
      {
        "model": {
          "type": "minecraft:model",
          "model": "minecraft:item/leather_boots_nether_brick_trim",
          "tints": [
            {
              "type": "minecraft:dye",
              "default": -6265536
            }
          ]
        },
        "when": "minecraft:nether_brick"
      },
      {
        "model": {
          "type": "minecraft:model",
          "model": "minecraft:item/leather_boots_nether_star_trim",
          "tints": [
            {
              "type": "minecraft:dye",
              "default": -6265536
            }
          ]
        },
        "when": "minecraft:nether_star"
      },
      {
        "model": {
          "type": "minecraft:model",
          "model": "minecraft:item/leather_boots_netherite_scrap_trim",
          "tints": [
            {
              "type": "minecraft:dye",
              "default": -6265536
            }
          ]
        },
        "when": "minecraft:netherite_scrap"
      },
      {
        "model": {
          "type": "minecraft:model",
          "model": "minecraft:item/leather_boots_phantom_membrane_trim",
          "tints": [
            {
              "type": "minecraft:dye",
              "default": -6265536
            }
          ]
        },
        "when": "minecraft:phantom_membrane"
      },
      {
        "model": {
          "type": "minecraft:model",
          "model": "minecraft:item/leather_boots_prismarine_trim",
          "tints": [
            {
              "type": "minecraft:dye",
              "default": -6265536
            }
          ]
        },
        "when": "minecraft:prismarine"
      },
      {
        "model": {
          "type": "minecraft:model",
          "model": "minecraft:item/leather_boots_prismarine_crystal_trim",
          "tints": [
            {
              "type": "minecraft:dye",
              "default": -6265536
            }
          ]
        },
        "when": "minecraft:prismarine_crystal"
      },
      {
        "model": {
          "type": "minecraft:model",
          "model": "minecraft:item/leather_boots_purpur_trim",
          "tints": [
            {
              "type": "minecraft:dye",
              "default": -6265536
            }
          ]
        },
        "when": "minecraft:purpur"
      },
      {
        "model": {
          "type": "minecraft:model",
          "model": "minecraft:item/leather_boots_scute_trim",
          "tints": [
            {
              "type": "minecraft:dye",
              "default": -6265536
            }
          ]
        },
        "when": "minecraft:scute"
      },
      {
        "model": {
          "type": "minecraft:model",
          "model": "minecraft:item/leather_boots_slime_trim",
          "tints": [
            {
              "type": "minecraft:dye",
              "default": -6265536
            }
          ]
        },
        "when": "minecraft:slime"
      },
      {
        "model": {
          "type": "minecraft:model",
          "model": "minecraft:item/leather_boots_sugar_trim",
          "tints": [
            {
              "type": "minecraft:dye",
              "default": -6265536
            }
          ]
        },
        "when": "minecraft:sugar"
      }
    ],
    "fallback": {
      "type": "minecraft:model",
      "model": "minecraft:item/leather_boots",
      "tints": [
        {
          "type": "minecraft:dye",
          "default": -6265536
        }
      ]
    },
    "property": "minecraft:trim_material"
  }
}